id, name, setting
1, scale distributed portals, Sed ante. Vivamus tortor. Duis mattis egestas metus.
2, implement vertical eyeballs, "Suspendisse potenti. In eleifend quam a odio. In hac habitasse platea dictumst. Maecenas ut massa quis augue luctus tincidunt. Nulla mollis molestie lorem. Quisque ut erat."
3, implement world-class web services, "Suspendisse potenti. In eleifend quam a odio. In hac habitasse platea dictumst. Maecenas ut massa quis augue luctus tincidunt. Nulla mollis molestie lorem. Quisque ut erat."
4, maximize interactive architectures, "Lorem ipsum dolor sit amet; consectetuer adipiscing elit. Proin risus. Praesent lectus. Vestibulum quam sapien, varius ut, blandit non, interdum in, ante. Vestibulum ante ipsum primis in faucibus orci luctus et ultrices posuere cubilia Curae; Duis faucibus accumsan odio. Curabitur convallis."
5, revolutionize bleeding-edge web services, "Pellentesque at nulla. Suspendisse potenti. Cras in purus eu magna vulputate luctus. Cum sociis natoque penatibus et magnis dis parturient montes, nascetur ridiculus mus. Vivamus vestibulum sagittis sapien. Cum sociis natoque penatibus et magnis dis parturient montes, nascetur ridiculus mus."
6, target world-class applications, Nullam porttitor lacus at turpis. Donec posuere metus vitae ipsum. Aliquam non mauris.
7, productize viral markets, "Proin interdum mauris non ligula pellentesque ultrices. Phasellus id sapien in sapien iaculis congue. Vivamus metus arcu, adipiscing molestie, hendrerit at, vulputate vitae, nisl. Aenean lectus. Pellentesque eget nunc. Donec quis orci eget orci vehicula condimentum."
8, enable 24/7 deliverables, "Curabitur gravida nisi at nibh. In hac habitasse platea dictumst. Aliquam augue quam; sollicitudin vitae; consectetuer eget; rutrum at; lorem. Integer tincidunt ante vel ipsum. Praesent blandit lacinia erat. Vestibulum sed magna at nunc commodo placerat."
9, syndicate B2C bandwidth, "Proin leo odio, porttitor id, consequat in, consequat ut, nulla. Sed accumsan felis. Ut at dolor quis odio consequat varius."
10, benchmark wireless metrics, "In hac habitasse platea dictumst. Morbi vestibulum; velit id pretium iaculis; diam erat fermentum justo; nec condimentum neque sapien placerat ante. Nulla justo. Aliquam quis turpis eget elit sodales scelerisque. Mauris sit amet eros. Suspendisse accumsan tortor quis turpis."
